Actual_Match_Length,Predicted_Match_Length
9.0,21.518036
46.1,43.07603
6.2,29.032001
85.6,53.43458
28.3,26.795269
13.1,27.294518
71.0,28.104717
64.8,25.69955
68.6,32.545452
13.5,32.7117
8.0,23.05303
2.1,22.486818
24.3,19.07283
64.1,49.04088
36.8,28.073137
37.2,24.937256
7.7,45.279133
85.4,43.976784
13.9,24.75013
31.1,30.542027
2.5,14.981904
3.9,13.488146
30.1,22.415623
27.5,23.642935
44.4,32.76985
27.5,18.803818
21.2,20.394598
5.6,23.730766
63.9,44.09905
16.0,35.896996
10.1,37.712418
13.4,20.078249
18.1,22.585398
44.1,40.609024
15.2,33.498035
30.1,33.298687
84.2,37.691204
59.1,35.212395
8.6,26.303919
15.6,34.08529
66.4,41.769268
18.3,26.735842
88.9,50.713737
23.8,26.064837
67.4,43.355602
45.5,24.341528
20.6,45.922276
13.3,29.003466
75.7,28.083414
6.7,34.20697
13.3,20.697094
15.6,38.7732
34.5,38.80097
27.0,40.778698
6.8,19.449827
8.3,27.703947
24.0,22.988827
60.0,27.64467
40.0,31.314945
70.6,36.13142
5.8,44.249077
52.7,34.506824
9.3,21.980877
38.9,32.807285
18.6,25.74728
8.0,23.391275
72.1,38.699337
12.4,37.089424
12.7,27.461863
9.3,30.71315
32.2,38.353603
67.4,42.091587
81.7,38.61149
40.4,31.722115
10.9,29.219215
34.7,45.137066
75.6,34.213158
16.2,19.938272
42.4,36.722042
8.4,31.999887
30.9,23.473143
33.2,40.61709
34.6,23.706408
33.2,30.063662
92.1,39.40063
34.6,29.460983
34.0,28.238329
26.0,22.946405
38.2,32.01043
18.3,22.96279
6.2,38.7856
31.3,24.956203
24.8,28.88975
22.4,27.657389
10.0,28.263079
48.5,27.882387
81.0,40.81982
50.4,37.629776
52.9,28.226925
42.0,28.858349
24.2,26.134125
64.0,22.302584
41.2,24.601286
84.2,55.30824
28.8,22.435844
77.7,37.674927
73.0,38.15096
5.7,19.630636
28.1,28.774382
31.7,22.952047
15.7,23.931185
86.7,40.23639
5.2,25.080685
47.7,31.370707
26.3,26.464485
15.4,23.640228
28.5,18.105234
48.8,24.190248
62.6,38.533527
54.0,30.350681
69.7,28.144835
26.6,36.446182
32.1,35.89999
3.5,26.277596
7.8,21.89312
20.2,25.457167
10.6,22.347511
50.7,46.949055
37.7,41.81996
9.7,28.625553
60.2,42.043667
3.5,34.70985
47.1,37.041748
4.8,28.15169
55.5,34.446144
71.1,25.07822
12.0,23.17449
6.2,31.88718
30.2,25.896063
79.5,48.433193
33.0,26.727188
20.0,20.601404
29.2,20.201267
8.0,39.47365
24.0,25.023203
21.4,20.855612
14.5,31.220722
35.7,25.427423
36.5,51.174747
12.5,22.969206
11.3,23.135609
44.9,28.53694
22.6,25.457508
21.7,24.187643
7.2,24.96554
29.8,27.613365
23.9,40.18353
21.6,30.539822
60.0,34.44268
42.9,26.777458
18.2,23.285933
20.5,26.297617
4.2,25.163818
26.9,30.469128
21.0,21.962603
94.1,38.883854
54.5,33.447697
70.4,51.56191
68.7,50.160843
47.3,33.4303
70.4,46.73511
44.6,30.963842
12.6,23.424065
35.4,35.10447
45.5,33.45725
18.2,44.922188
17.2,27.52547
41.9,25.367712
54.3,17.414074
58.2,23.840605
32.2,25.117271
12.9,33.353786
32.4,41.9487
35.4,42.38852
68.2,36.044346
26.5,28.829802
19.1,24.101397
58.1,36.51157
68.0,21.567154
18.2,31.944311
72.0,32.347336
18.0,29.370928
15.3,43.142056
6.9,33.713146
69.3,39.474228
1.9,23.035486
41.6,32.667217
10.1,32.587654
25.3,22.218115
57.8,31.714869
12.5,31.345123
20.6,35.514355
1.5,21.7836
65.7,26.76231
37.2,33.83501
27.4,26.635422
78.6,37.95892
8.0,41.761147
35.3,24.871048
18.9,24.677652
25.3,32.565517
15.4,21.541489
45.2,39.50322
34.8,23.054224
32.8,30.682894
64.6,32.4117
34.0,37.942017
11.5,25.801931
19.2,29.440365
70.9,37.69129
13.4,20.857304
1.8,31.862358
35.0,28.87293
3.7,26.69367
39.6,26.084541
11.1,24.627645
59.6,24.62912
60.5,24.093153
22.5,24.681105
22.0,31.547516
5.6,29.386532
35.4,30.881857
5.3,29.23219
70.4,47.705956
10.5,32.45762
52.9,27.61245
28.1,32.998207
43.8,30.014597
4.3,34.983524
50.6,46.284313
47.8,33.14335
56.0,31.716043
10.8,32.913742
8.1,29.029013
72.5,29.771648
15.1,19.55678
40.5,22.87084
17.3,25.789865
26.0,33.239384
53.0,37.71175
21.2,25.79447
10.2,22.517832
12.2,17.378765
7.0,21.770718
50.6,40.767017
14.1,25.79199
13.8,24.464619
33.5,44.82893
14.4,27.101551
12.2,24.075296
13.3,34.180225
29.3,26.362942
5.0,19.431715
19.0,20.446945
33.1,26.533167
44.0,24.329601
15.5,21.444635
51.6,40.65172
11.1,23.701021
15.5,20.344017
12.8,33.339645
2.5,19.946194
50.2,46.810467
27.5,29.331501
10.0,32.09359
22.1,22.319181
18.9,29.372316
16.2,25.10567
24.8,34.153896
22.9,28.886171
17.5,25.75455
5.1,21.45204
75.8,33.99935
50.9,32.62204
35.1,27.446083
50.4,54.21246
12.4,40.998753
52.5,50.819965
59.5,37.15568
4.8,21.545166
19.5,31.174242
18.4,23.972927
13.3,34.812893
41.0,38.257484
20.0,36.531055
17.2,33.44466
34.0,24.137304
12.2,30.178926
31.8,28.408813
62.5,32.800972
51.6,35.41568
31.0,28.248049
8.7,24.100355
69.2,39.80595
10.1,24.43564
53.4,31.254532
11.4,26.628075
3.3,25.123322
19.6,24.081055
11.9,35.613594
67.3,24.937212
94.1,40.754513
4.8,31.724373
23.4,25.249653
15.3,36.49397
70.7,44.98627
11.4,34.087257
7.7,24.791306
66.9,45.17663
20.8,49.988667
5.3,30.247526
19.6,28.519108
7.8,36.902733
48.6,22.86429
9.6,49.727818
4.0,59.778625
94.1,28.787813
10.3,25.152008
20.4,36.370403
12.4,22.229494
35.2,33.666645
94.9,49.655468
10.9,36.602627
15.1,30.679699
25.9,26.751467
19.5,31.61026
77.3,50.283615
17.1,26.90015
27.1,48.243534
19.8,32.124477
86.1,30.89733
26.8,29.161448
4.6,33.824127
71.6,26.745178
85.3,52.571484
15.5,26.71937
29.9,39.24766
20.2,26.82184
27.0,31.916649
90.0,55.744682
11.3,26.797768
32.4,20.537977
25.4,33.584892
18.0,29.114834
18.2,35.88126
47.8,52.43271
24.2,39.395138
16.3,45.58547
21.1,39.527634
71.6,29.522577
30.0,39.850773
53.5,33.539944
11.8,32.417313
7.8,26.544582
70.8,55.227886
19.4,25.537588
9.1,29.754921
2.5,22.410347
25.0,23.370903
65.5,30.098747
11.9,30.754143
59.3,32.399437
11.1,35.91572
7.8,24.131996
9.5,25.5393
14.1,30.42612
5.7,33.208855
9.6,34.551243
38.8,52.07254
22.0,26.43076
4.4,30.013628
6.5,22.544851
41.5,37.082428
60.5,55.02125
9.4,23.657722
21.6,31.115221
11.0,31.348948
95.6,52.42821
35.2,21.74012
13.9,31.17008
3.9,24.014366
30.2,31.584354
9.5,23.328255
12.7,18.852577
17.8,34.747456
32.6,19.651033
42.1,27.04247
76.9,30.353117
20.3,38.0727
71.0,29.396145
29.2,28.988846
15.5,21.859968
84.3,26.570593
34.9,40.550888
10.7,31.464373
39.5,55.164543
10.8,27.859182
17.0,25.177423
19.6,30.702581
5.7,30.320791
17.2,53.784107
65.6,20.96064
7.1,24.160086
10.4,36.345966
12.4,32.75197
1.3,34.77892
54.3,19.780725
45.3,37.90296
6.2,27.851484
9.7,23.803532
47.4,36.509293
12.4,28.855198
63.5,44.16404
37.8,23.89939
21.8,32.124645
28.3,27.34293
62.6,32.756584
65.3,34.805424
19.5,43.132935
22.1,35.85295
6.7,26.224552
12.9,21.122782
23.3,24.86395
15.6,30.47427
41.9,30.149199
35.7,23.132547
59.7,35.887978
71.9,27.362314
0.8,33.65174
27.7,40.636333
66.3,49.561844
24.0,31.065207
29.5,45.813858
91.1,55.97612
12.7,34.08461
12.7,24.019972
33.9,29.3816
36.6,30.018766
18.2,26.28252
67.4,28.189568
5.1,23.80729
11.1,27.911077
39.8,33.904453
43.5,42.34757
84.0,50.41723
93.5,45.030365
19.8,34.998333
42.0,25.051888
45.2,38.574383
41.5,24.18265
5.6,32.820583
4.3,29.414186
18.2,34.27753
3.2,21.05651
40.5,31.031157
13.3,18.94003
67.9,55.358803
4.3,32.67797
8.1,25.08065
1.7,44.90393
6.0,17.517485
36.9,29.21859
76.4,41.007996
91.1,38.889603
25.0,23.745796
81.7,39.47821
51.7,35.607365
70.2,44.755707
26.7,30.971369
8.5,28.744678
5.5,28.376715
27.6,35.06793
74.7,51.602734
81.3,40.161896
93.6,42.284725
32.3,44.53503
30.8,35.975082
79.2,37.469074
5.5,31.468945
21.7,24.25192
12.2,20.711245
11.3,17.512394
36.6,25.626446
7.7,22.135008
13.1,27.977795
18.0,34.177593
5.5,44.205215
13.2,25.621027
77.8,42.29375
34.3,27.32637
12.2,32.279453
14.6,36.04816
12.5,27.615213
81.0,47.939716
11.8,27.343204
17.6,27.868275
60.4,34.648647
84.3,45.030365
36.1,28.645248
66.3,39.800163
88.2,63.425133
34.4,25.974646
44.9,30.423119
15.4,32.438465
13.3,36.976498
81.0,43.375294
54.8,36.582783
93.0,48.380756
32.5,30.130949
34.4,36.367256
38.0,29.914522
43.7,29.317543
27.2,36.61331
43.9,50.839493
84.2,43.63745
29.6,27.502789
15.4,21.529158
14.8,21.155136
10.5,35.732666
55.1,35.03861
12.4,19.209776
12.1,26.101788
8.1,29.568298
54.6,41.486378
34.1,26.092424
52.1,29.891766
71.4,29.473835
14.9,24.265165
1.3,25.08249
23.5,34.909225
5.4,31.062475
50.4,27.918856
23.5,34.909225
17.2,24.362356
26.9,20.799467
6.1,22.762173
14.4,33.148964
22.6,23.70248
15.8,24.111916
5.8,38.840588
12.7,26.919258
26.2,32.731285
81.3,38.038364
7.1,24.255104
13.7,24.422894
64.0,29.78329
69.0,46.879192
33.1,26.186562
8.4,28.841791
20.7,34.128845
53.8,31.46076
27.5,34.69609
17.7,29.540482
75.7,37.053814
11.2,32.22101
70.8,41.125668
25.5,23.842829
87.9,33.4761
34.4,28.908903
12.6,25.17036
81.9,55.15274
50.3,25.915655
15.4,28.901768
89.0,42.282326
40.0,44.047638
69.6,43.715893
3.1,45.12372
42.5,29.561161
71.1,24.294641
42.1,25.7828
34.3,35.71882
43.2,20.401531
14.3,20.571999
63.3,46.40746
33.8,26.21426
19.1,21.62204
14.9,26.766996
25.6,17.4277
78.5,56.60525
13.0,41.781544
6.0,32.283165
21.9,25.416584
50.9,45.34656
36.5,30.032066
33.4,22.088524
27.1,31.944662
47.1,23.919565
6.4,24.705559
36.2,24.01859
37.7,49.08987
43.3,43.341137
29.5,25.455002
13.2,26.609665
19.3,30.539116
46.8,24.093153
8.3,37.529552
83.7,40.77777
25.5,34.749138
6.2,35.780857
71.4,46.411037
2.7,23.922873
40.3,17.506922
42.0,29.59538
34.5,29.04856
39.1,29.215113
69.2,45.20183
8.7,33.92016
31.1,35.81809
53.7,42.78031
69.5,40.900856
8.7,31.391832
17.7,35.087963
23.4,36.438293
8.7,37.875183
1.1,21.033476
71.6,34.506824
48.8,40.1179
29.2,51.181145
62.6,33.79406
84.5,45.06128
16.9,19.607485
24.1,24.181538
34.1,21.664522
22.9,35.34726
43.5,22.170633
83.0,43.61539
12.5,23.302084
10.6,20.79163
40.2,29.12861
42.6,21.293934
2.5,21.6429
40.1,31.590607
39.4,24.227905
67.1,33.207184
18.2,22.63604
18.7,34.568943
6.1,31.41494
10.3,24.384459
34.8,33.216633
22.3,20.949799
41.0,26.981417
31.6,37.75058
7.4,36.924812
23.0,22.5507
11.7,55.37244
15.7,27.335512
59.4,34.230614
23.1,25.194746
18.9,24.871048
56.0,22.639767
55.9,43.811592
18.9,20.604212
49.5,29.9311
4.0,21.010866
65.1,28.959711
26.0,30.982727
26.9,27.13892
40.2,29.051321
12.0,26.339687
2.2,18.365267
81.0,34.44973
14.9,22.058937
7.9,24.088474
41.6,34.72365
18.7,32.620182
18.6,45.451267
38.2,33.919106
8.7,20.904654
18.2,27.2619
21.2,21.077696
58.5,14.93799
58.0,52.347168
17.7,17.41871
21.5,34.58684
23.2,51.093075
6.0,32.46105
19.5,32.376297
53.2,36.07252
31.7,42.299324
15.8,21.941505
7.2,16.284626
18.2,31.405394
6.0,25.430632
15.5,23.519415
31.8,21.487848
22.2,27.99844
48.1,27.320032
40.5,24.718102
19.2,21.058794
65.7,40.597794
11.0,30.89788
16.9,32.73646
14.1,30.81031
43.8,31.427887
50.6,26.637089
12.6,31.864296
10.0,27.825623
7.3,28.267374
0.8,25.45197
17.5,24.524427
16.4,25.94362
4.4,40.57073
14.4,31.155561
18.5,41.75059
8.1,25.371016
10.2,14.764298
18.0,41.080902
0.0,31.971691
50.8,32.279453
27.2,29.903177
76.4,35.16039
3.2,19.10503
5.4,22.793821
48.1,25.91417
8.2,39.556114
14.0,25.204187
44.7,41.84084
2.8,22.804348
10.6,24.546959
28.0,40.133724
18.6,28.073177
70.0,32.227234
31.4,26.589092
33.7,27.758623
95.0,49.397953
22.5,24.710268
12.2,34.882294
21.4,25.288027
55.0,38.649193
31.0,29.534773
26.4,24.25476
29.2,24.019485
43.4,31.626215
12.5,26.786283
72.9,43.180275
42.1,29.12763
57.8,31.971691
3.9,22.828194
24.2,28.64404
6.9,28.96258
91.4,34.591938
50.9,40.967045
33.7,22.351393
38.0,24.554499
48.3,44.386353
23.4,22.100395
32.2,22.887764
74.7,41.89786
24.0,22.583336
7.7,34.388977
18.9,33.858547
21.8,20.597013
17.2,34.348034
23.2,36.986893
28.4,29.922514
19.2,23.303528
70.8,51.84495
2.9,28.644606
65.4,40.91987
69.1,48.140423
12.2,32.4783
5.4,37.93142
15.6,28.320341
33.0,32.171555
47.2,47.70121
12.8,36.217323
27.1,27.700367
65.0,29.216589
17.1,23.405348
94.2,46.84352
36.6,24.928326
6.3,22.119934
23.7,24.131985
15.8,28.174036
12.0,27.690552
26.6,30.245855
23.4,39.34708
23.4,36.5813
45.7,24.932972
8.6,23.452698
50.5,31.648285
9.2,20.752176
10.4,27.719696
19.1,24.787039
3.5,30.348412
34.6,22.100374
67.6,29.90648
30.3,31.504911
27.0,36.132084
54.5,34.048378
28.3,26.575459
68.9,28.58604
18.9,34.33866
42.0,35.59997
29.4,21.177505
6.0,28.829279
9.2,34.834797
60.8,29.551786
31.1,37.36655
34.2,35.10289
34.7,26.016409
8.5,28.69643
6.7,22.924423
12.7,23.269062
22.1,26.370361
50.7,32.558712
48.7,30.105518
6.4,24.391695
5.5,32.452282
26.4,24.343237
12.2,35.210697
15.7,24.087162
21.0,25.43697
41.1,30.445763
25.0,23.392803
17.1,23.199272
14.7,29.196938
53.0,32.341286
12.7,25.589865
10.8,18.125927
9.7,25.216665
21.6,16.321213
4.4,39.732758
90.2,34.624134
3.0,30.841673
2.2,22.912636
66.3,27.835798
55.2,26.808632
20.3,20.625832
10.1,19.560408
5.6,24.382414
18.5,30.262253
63.6,27.874754
60.8,24.55901
51.8,31.36102
50.3,34.77722
24.3,25.605755
66.0,28.888327
10.0,23.426987
30.3,25.14292
54.3,48.23781
11.1,22.937214
7.8,35.24238
38.9,36.74093
21.9,22.79346
73.2,35.78385
19.1,46.064224
97.1,41.516464
55.4,43.68469
57.3,26.806469
46.7,44.14352
97.2,53.772896
16.9,40.261833
49.7,33.47397
28.4,30.40923
75.5,34.70542
10.1,38.747414
8.0,22.72592
6.7,23.97019
4.7,26.379625
28.4,31.113523
14.1,24.829258
19.5,27.304708
69.2,23.885548
72.8,26.965288
79.9,52.40973
10.1,28.726341
54.1,24.708395
14.9,20.484724
49.2,46.21674
94.4,46.457245
12.4,28.897133
33.2,27.528261
5.5,22.128355
42.1,23.189177
49.7,34.435543
4.4,24.190248
20.6,35.80758
77.1,28.151684
9.2,27.259623
9.6,36.519527
54.6,39.39247
28.3,34.294197
26.3,20.564
41.5,26.144695
24.1,27.148422
39.1,20.481127
0.7,25.00965
30.0,28.19366
5.6,20.988697
18.2,17.363775
81.0,36.066418
8.1,32.114384
27.2,30.067566
22.2,25.663788
11.8,24.483772
33.6,40.742054
38.0,29.026588
12.0,32.007313
21.4,24.66659
11.6,28.16833
59.2,53.544815
13.6,28.450235
96.2,28.683773
7.3,22.831333
13.8,25.300804
36.3,38.6835
63.5,60.05982
34.2,27.542458
4.5,30.36441
3.7,19.623478
31.4,32.797295
12.8,27.670982
33.4,44.374355
94.2,34.821255
31.5,39.588478
91.4,29.519901
36.0,36.79995
11.9,26.339258
19.1,43.09377
46.2,33.09452
64.7,48.804825
18.7,40.233376
43.3,38.002464
5.1,26.790071
12.7,23.849176
39.5,36.53888
17.8,23.04561
10.4,27.562386
29.9,45.766804
48.6,46.619846
4.2,37.044262
23.4,19.810055
22.9,34.108906
0.5,30.057089
44.8,31.642551
12.3,23.366817
60.8,29.496012
13.1,32.159153
48.9,36.25539
38.7,39.72842
29.1,43.36115
32.3,25.15486
16.8,22.402208
52.3,38.754387
8.7,27.270887
8.3,22.995714
1.8,28.792162
35.4,25.25162
8.4,25.346298
4.7,35.51108
22.2,17.105484
2.4,29.583296
45.4,21.174307
19.1,20.232439
3.7,22.180931
43.7,35.798874
10.8,13.940544
21.5,28.81081
22.2,29.393658
37.1,31.981695
32.5,28.339962
9.6,35.787254
4.6,27.704948
23.7,39.678852
9.1,22.797606
84.1,32.926094
29.8,32.80048
63.7,28.549475
44.0,37.236183
26.7,22.714718
87.0,38.009064
27.6,31.114426
4.5,25.768686
71.3,51.18503
75.5,38.654552
19.5,23.278755
40.2,32.47039
1.6,20.873745
5.6,30.715244
20.0,16.829268
53.3,41.34748
12.5,25.715464
33.9,27.364336
33.5,36.90178
29.3,29.699547
41.5,25.311012
26.5,19.989594
14.8,22.627737
70.0,25.067244
14.6,29.707554
26.2,24.870401
10.8,20.343647
8.4,20.058506
45.8,27.477787
19.1,28.189249
82.0,23.5104
17.5,27.592651
19.1,37.8953
60.9,25.570093
29.1,23.940678
4.6,15.61795
25.0,40.174767
50.9,25.127106
3.9,34.924885
55.6,28.398882
5.0,27.5673
17.6,28.44459
24.4,26.211693
20.7,20.142838
52.2,40.959126
10.3,29.496012
9.6,24.196215
89.5,54.093224
12.3,24.379889
11.5,31.94499
16.6,20.41826
81.3,33.928806
24.6,40.944187
42.9,31.185776
23.0,25.557673
15.2,21.791235
66.1,34.07806
43.9,21.269306
45.6,28.236166
7.2,27.358067
2.3,29.383211
9.0,31.98532
31.3,30.337503
22.8,31.338984
11.4,24.37806
9.1,22.421177
20.5,22.935455
66.4,31.413816
33.4,22.648827
68.0,30.062925
27.4,30.84334
2.9,21.603579
39.2,30.825312
24.1,25.393103
66.3,27.115017
2.2,32.571724
66.0,25.621738
6.6,23.86601
57.4,30.154524
15.2,29.881315
19.5,44.404655
12.6,19.87515
34.5,24.829868
24.3,29.022652
67.4,27.994987
61.6,29.91502
13.6,22.19602
38.4,37.079582
52.9,26.23339
67.0,28.82991
47.3,26.161276
16.1,23.609507
6.8,20.080748
29.5,36.51529
48.6,34.24203
21.3,17.061012
19.9,22.215063
37.0,22.798447
32.1,29.45704
12.4,39.851933
34.4,20.906118
37.1,32.423985
11.7,26.750784
5.3,29.863636
4.9,28.299513
60.8,45.530884
2.3,19.261642
64.5,27.147633
61.6,39.07346
53.2,30.599712
47.2,48.195717
4.1,31.79919
16.2,31.468664
16.6,28.56187
48.6,36.218475
87.3,49.351357
77.6,29.265127
23.4,29.111015
47.5,33.717865
34.3,25.295317
16.7,22.063137
3.9,29.652193
22.5,31.908289
47.6,47.92677
16.2,36.018673
73.2,45.179733
61.1,48.679245
7.8,20.484034
27.5,24.720573
76.9,47.57459
1.5,28.652933
79.0,49.172157
59.6,27.97566
11.8,48.74815
49.7,28.528942
95.3,40.62387
34.0,36.944874
12.3,41.949844
54.2,48.282814
84.9,67.82141
8.3,34.077805
72.7,39.720203
49.9,37.13922
92.1,55.514248
6.3,21.405481
16.1,23.875816
54.5,35.69222
73.9,35.12816
2.1,31.900528
67.0,46.361797
18.4,33.036774
44.3,47.656036
14.2,31.017862
81.7,56.419827
24.9,34.366722
13.1,35.76928
0.5,18.292564
17.0,28.766718
89.0,36.860466
17.0,28.655128
4.8,24.960777
9.0,33.31402
17.3,19.402302
6.2,11.961162
30.0,27.132307
41.2,33.695694
61.2,37.822098
87.7,58.235245
3.9,22.007269
6.5,37.927616
67.5,44.985577
21.6,30.38483
4.1,36.39163
47.5,27.392962
19.8,38.8419
21.7,29.488121
84.0,59.140438
3.9,21.863592
14.1,21.082342
24.6,32.715313
5.6,34.317993
52.0,23.575693
33.4,27.47936
88.6,46.7619
24.4,40.419846
35.4,36.412945
46.9,28.346945
7.9,27.42965
76.5,28.294714
17.2,32.542965
5.8,25.75556
17.4,27.80424
14.0,32.510914
24.3,22.6383
13.8,24.46441
12.4,14.544679
14.6,24.32727
83.5,28.92827
35.7,29.489645
56.9,46.20129
39.8,39.517975
27.4,32.936096
13.7,31.63661
3.0,34.70017
66.8,36.157154
12.4,19.441961
49.3,29.606705
84.0,45.193398
16.9,42.498814
11.3,35.76289
9.4,38.239998
52.7,29.335756
33.6,51.150837
34.6,48.50701
13.8,34.9183
74.2,34.09087
81.2,27.375301
41.9,30.430399
20.2,32.295376
10.5,53.89254
22.9,24.111916
82.1,60.73362
58.0,38.89056
11.0,27.587585
18.2,22.020206
5.9,18.37547
44.0,30.541304
76.1,31.13637
12.0,30.067589
4.2,28.665632
9.5,23.896313
47.9,51.487797
7.5,20.654638
82.5,48.28245
46.2,26.337767
31.5,34.0719
6.6,35.984512
33.5,31.682425
42.1,36.842983
1.6,32.267048
49.5,35.66768
36.5,43.324554
3.5,23.314808
26.5,32.53174
20.0,37.62849
47.1,24.993614
16.7,24.074663
33.8,31.258265
34.1,36.33457
10.0,34.70017
77.1,31.927008
34.4,34.430355
4.0,25.077393
7.2,25.977669
33.7,23.977251
24.3,44.01213
68.3,32.865685
40.7,26.291735
18.2,29.80618
26.5,25.150923
3.7,21.940214
17.9,25.749908
20.3,24.549084
1.1,24.40164
64.9,46.24422
29.4,32.006424
12.4,21.748915
20.0,28.290754
72.9,39.542385
19.3,30.062925
24.3,22.899323
45.5,23.510614
11.1,29.341904
66.5,25.371098
24.7,30.151701
12.1,21.240381
17.1,26.780987
58.0,24.277037
1.6,26.09386
31.6,17.866642
18.0,21.731518
39.0,32.0026
36.8,30.680206
16.1,25.37524
48.8,28.342655
20.3,30.664755
10.6,22.411663
15.9,22.786398
17.0,31.993908
50.3,28.344315
52.8,32.182907
18.3,19.579195
68.5,29.20672
18.3,21.633526
12.3,18.398302
23.7,27.251162
26.3,16.358696
10.4,13.129118
4.6,13.68595
51.4,23.513178
10.8,26.455694
16.2,19.617481
18.6,43.158024
2.6,6.7268944
61.2,24.714167
61.2,34.863747
34.3,28.587091
34.6,25.342787
56.1,23.106998
22.7,36.920414
38.7,29.43523
64.9,47.084457
37.0,20.108757
16.8,21.612928
13.3,45.104107
12.4,31.762081
63.3,26.845907
3.2,26.36555
3.9,19.81515
6.5,25.865713
16.4,19.300722
22.5,24.936983
66.7,22.528566
6.0,19.634743
14.4,21.55116
40.5,32.336758
16.6,25.691322
21.4,22.169794
30.6,28.702757
20.9,31.371702
30.8,28.567934
22.6,17.887589
17.0,25.199123
3.9,17.742783
63.6,33.125374
14.7,24.122257
40.6,26.61499
12.7,11.669371
55.7,23.928766
40.3,26.668295
5.8,24.654758
24.8,24.344133
12.0,27.366577
60.8,33.52801
30.2,26.886608
15.5,24.803469
13.1,26.7155
47.7,31.623232
13.2,21.312908
24.5,29.08268
38.4,37.046333
16.2,19.766987
52.9,35.095623
23.5,22.687595
36.4,26.364557
1.8,18.748022
16.8,17.133677
40.2,28.031221
8.8,21.94745
44.8,29.544422
24.5,20.63057
28.7,17.895697
27.9,31.852074
15.0,22.576817
37.2,20.323494
16.1,18.359753
55.6,35.53429
9.2,28.75968
19.4,23.73272
60.7,24.296822
60.7,26.495907
60.1,30.603405
47.6,23.683949
19.3,25.512209
28.5,25.774845
63.6,37.12156
6.2,22.132895
5.5,16.99935
37.2,21.903986
7.5,12.766438
9.8,19.00242
5.1,20.440746
16.2,20.852858
18.6,20.312773
27.4,33.110893
20.6,27.784372
23.3,27.146544
21.9,17.756805
17.3,24.104483
31.8,26.351637
63.2,30.53643
27.5,25.618092
63.3,33.945946
29.3,31.77975
37.0,25.621414
46.7,26.676212
14.7,27.125786
19.5,24.873402
57.6,29.955055
12.6,28.344597
8.8,18.363537
16.2,15.522944
20.0,30.330017
26.2,22.173903
29.2,19.831139
3.4,14.080628
17.0,20.905252
8.0,24.142096
32.9,28.940697
28.2,24.964954
60.5,21.429716
4.4,22.993252
22.9,21.46989
8.0,21.614
26.2,26.279676
3.6,25.670212
62.6,26.513708
52.4,29.531872
63.2,24.990952
16.7,27.153473
8.3,18.338394
12.7,22.96229
26.0,25.680578
63.2,31.855757
47.3,24.027971
21.8,20.216686
25.7,26.462063
63.3,32.930325
52.9,27.033352
41.0,32.456448
10.8,21.177925
17.6,28.572176
33.7,27.776627
63.3,38.771965
17.4,27.176197
3.1,20.731184
7.6,30.850695
13.9,23.668142
53.9,26.72826
60.0,27.986698
34.0,25.215614
7.3,23.176155
17.4,26.287584
46.9,23.878075
43.6,26.3435
10.0,22.379038
17.9,24.994213
16.6,18.962317
10.8,23.133154
47.8,26.8013
16.9,16.653545
47.1,27.364698
10.6,24.743486
9.6,19.599302
5.7,21.69562
16.1,34.633297
3.7,24.879053
41.4,30.654192
40.2,23.828386
11.7,11.377204
41.7,25.035566
6.0,27.968374
60.5,21.68817
14.2,20.878056
44.4,25.296375
11.8,28.992676
10.8,20.91494
41.6,23.99918
33.8,31.321712
44.3,29.540209
6.9,10.656095
6.2,20.572567
16.8,22.872108
6.0,17.641085
6.1,19.741947
14.1,22.988798
60.3,23.60724
55.4,26.251375
30.6,29.272013
43.2,28.882626
12.5,25.433044
16.9,19.932457
26.6,20.932207
17.7,23.510574
45.7,21.454578
4.0,26.218386
29.8,29.115946
51.3,31.16609
23.6,22.16757
29.0,19.154877
58.6,25.281818
49.0,25.73241
36.7,29.200556
15.0,22.438395
52.7,35.02842
17.1,22.80621
10.4,20.143694
60.0,17.772621
9.6,25.159697
54.9,22.949207
50.9,32.540554
50.9,27.35225
12.3,21.323742
15.2,27.822243
53.4,29.108603
36.1,26.376978
29.2,21.838652
43.1,25.238604
37.9,23.085035
55.9,41.184105
25.9,21.4184
9.2,22.120537
6.9,22.167276
20.1,23.659206
53.2,24.089336
54.1,21.282007
57.8,27.122957
3.2,21.453188
39.2,21.330761
3.6,17.289093
57.8,35.135212
54.2,24.165575
20.5,22.562115
15.8,18.636227
21.7,22.706564
43.2,19.52935
24.5,27.48417
24.2,23.17556
13.1,24.948326
14.4,19.470848
14.3,23.587368
38.4,25.730534
7.4,23.811726
37.9,26.355127
29.5,24.418186
10.1,18.623533
4.3,21.820107
34.7,23.407553
16.3,16.53918
10.5,22.592354
21.4,23.971216
9.9,12.269511
14.8,16.255241
25.5,22.320229
52.5,26.161238
52.6,23.913986
21.2,27.471504
11.5,23.92664
52.0,33.62356
53.3,26.405142
47.5,22.448523
7.4,29.13215
16.8,22.037878
2.1,24.420996
12.6,24.777
11.3,27.723501
50.3,29.213934
5.3,18.198381
13.4,18.724293
19.2,20.151854
4.9,13.584179
34.5,23.02558
0.4,23.948242
10.6,21.793903
27.1,27.677668
5.2,19.807205
21.4,23.155277
26.5,22.428814
56.0,22.276257
47.5,25.6156
25.8,17.937254
5.6,26.646107
36.1,26.421108
16.1,17.194996
24.2,21.507772
56.2,33.980026
10.2,21.129005
18.7,23.931149
49.7,31.831783
5.0,22.892202
19.1,12.626182
46.7,27.190462
14.7,30.201015
53.3,32.553795
18.4,21.862125
13.1,16.629251
35.9,24.439835
10.5,17.229912
53.3,26.064905
52.7,28.502401
4.5,19.03438
53.5,32.882122
16.1,14.43568
53.6,28.0562
52.4,22.29715
20.9,14.948269
5.3,25.067133
21.4,33.52663
6.0,23.134296
36.4,19.294233
13.1,12.667686
48.6,35.215534
14.1,23.208668
26.5,21.189154
13.4,28.110756
11.2,14.610354
12.6,22.189941
2.4,25.178661
6.1,25.270597
52.2,30.591824
10.9,25.129435
19.5,20.856346
24.6,26.037947
48.5,38.665558
18.1,22.499851
33.3,23.285234
51.1,26.166466
51.1,27.727915
9.4,27.308918
49.2,23.707924
17.3,25.102287
52.2,26.367067
53.0,26.264853
34.1,28.261337
11.8,26.534576
8.4,18.701567
48.5,24.836065
48.6,23.122587
43.4,29.755123
27.8,25.887249
47.9,29.21189
17.4,17.610865
15.1,31.316973
8.6,28.498142
12.2,21.565117
2.2,20.771296
36.2,23.221308
13.2,18.338005
47.6,39.75668
12.1,17.247982
42.6,18.905138
36.3,30.460915
21.6,14.959928
48.5,23.156986
10.8,19.070225
37.3,22.56989
18.9,21.833883
7.1,11.002432
17.7,21.926903
42.1,20.573038
38.2,26.052273
11.9,25.946852
7.3,19.191624
36.9,21.678854
18.0,22.378044
3.4,19.68747
43.2,29.957087
7.5,18.208246
40.9,23.08243
12.9,24.89983
52.4,22.141537
41.4,24.347534
20.0,12.274295
37.2,21.880285
7.6,21.497198
10.9,21.786877
4.1,22.38739
29.7,29.621254
50.7,26.38684
6.5,19.503948
49.2,23.546837
7.8,17.032598
5.2,16.779018
22.2,24.128557
24.3,20.67379
52.1,26.82763
32.5,23.68701
20.6,18.678719
21.7,24.73132
10.8,15.617067
50.9,22.548107
50.6,25.575062
21.9,27.916435
16.9,24.782158
50.6,28.304407
13.9,23.057743
9.4,25.830875
13.1,19.015287
15.6,23.104076
33.8,23.420393
36.4,26.947855
8.0,22.924171
49.4,32.440563
7.2,25.013803
37.8,26.4409
50.9,33.609608
1.3,29.838829
18.9,25.204384
5.8,25.137705
50.0,23.430397
16.8,19.355148
13.1,29.677631
9.6,21.854723
4.1,20.222658
1.6,21.985094
48.1,26.934814
42.5,28.95023
28.5,23.80155
7.9,27.547745
0.9,16.697527
49.6,26.702509
38.2,18.376879
6.4,17.597687
13.3,22.375597
35.5,32.327705
49.1,30.572975
49.6,23.371138
43.4,37.383163
12.2,24.22632
26.0,20.643839
43.5,19.792385
26.2,23.249067
49.2,26.212273
20.7,15.390902
24.4,22.582642
29.5,22.167305
49.2,29.042513
28.8,26.73953
14.5,18.110624
48.6,34.55702
48.0,24.408007
48.8,28.6443
44.6,24.454844
23.7,28.691912
8.1,23.015783
5.7,13.12447
5.0,16.394892
12.3,18.308126
42.6,28.4792
1.2,20.878738
42.1,31.66087
13.7,22.473873
15.7,12.363655
18.1,12.655122
32.6,24.699047
25.2,27.668306
4.1,20.40909
19.5,23.032326
43.0,28.904858
9.5,22.425589
35.4,27.080751
10.8,15.649458
10.3,10.891779
35.3,35.793602
12.0,28.013885
13.2,29.139801
21.0,16.99424
11.1,20.682014
10.4,19.14439
40.4,25.375278
2.9,25.363586
39.6,24.308435
39.6,23.381792
40.7,22.87565
17.6,20.447317
35.9,24.780302
11.2,20.817165
38.0,23.102867
12.3,22.83186
40.3,31.032124
38.6,24.669062
41.5,20.184412
17.1,14.3305855
28.6,24.383701
5.0,17.469986
1.2,23.36211
33.6,25.797392
35.1,23.218
14.2,25.113932
32.7,19.148954
38.0,20.388573
19.1,11.883056
38.6,28.70755
39.2,25.079449
28.8,20.9787
14.5,21.615616
35.9,27.57711
12.8,25.984264
13.2,18.633886
7.9,18.603704
7.9,14.545148
27.7,16.835928
32.2,20.237541
39.0,26.138136
28.0,22.863958
36.6,26.31843
13.0,20.681786
30.8,23.928724
21.8,11.376979
13.3,25.446617
20.0,21.629747
29.7,24.20457
39.9,23.750263
18.2,11.034153
37.9,25.691963
38.0,24.932077
32.9,23.810774
39.4,24.297636
39.6,33.12351
45.3,19.80792
9.7,22.11821
14.5,17.641544
41.4,21.23726
32.2,19.788322
42.1,36.73373
1.8,18.80819
22.5,19.315311
20.5,17.444353
34.5,16.473824
6.0,21.762194
18.4,16.265013
10.5,16.475794
12.1,16.799534
1.7,18.865276
40.5,20.56947
40.6,24.105246
28.8,18.388721
24.2,24.038391
10.2,12.936944
13.3,22.740519
14.6,18.222641
29.5,16.306688
20.3,24.544043
24.0,26.87649
13.2,21.212933
7.8,19.858406
7.6,19.159359
30.4,16.764193
14.2,18.30048
26.7,21.598356
38.0,26.665503
3.7,23.097233
31.5,19.861467
4.0,21.811434
19.9,23.608189
5.3,21.569641
31.5,18.035585
25.0,23.767971
42.0,28.675556
16.2,24.505627
2.3,22.396553
13.1,23.942387
36.3,22.868336
7.6,27.548567
4.4,18.07961
33.1,18.795416
40.8,30.136433
38.2,20.387775
33.1,29.377775
35.9,22.826605
26.6,20.227123
4.4,16.72006
11.1,11.9821205
3.0,11.082629
2.4,15.280057
8.2,8.580901
9.0,24.516632
4.7,17.637388
13.1,20.963465
40.3,23.850801
40.8,19.682735
32.2,28.031136
30.1,17.48279
11.7,24.891497
29.8,23.033222
14.1,14.263215
17.0,20.041227
27.3,25.1421
14.6,21.143787
14.6,22.370193
6.6,23.498892
24.0,24.108423
33.8,17.706173
1.3,15.574042
4.8,25.56509
10.2,16.73053
37.5,20.004965
8.8,13.829395
24.9,13.919816
24.4,19.442638
6.9,17.064283
33.7,16.419424
11.0,14.57139
26.5,20.390211
22.1,15.60427
21.2,18.92002
37.9,25.42448
31.5,17.931602
6.9,15.489659
24.4,15.5329685
1.3,15.027757
8.3,17.15691
22.2,21.705795
6.4,18.04056
27.6,14.659278
29.7,18.819893
27.8,24.53412
36.4,27.774042
34.2,25.723003
21.2,14.7649555
14.5,17.95302
6.0,20.127392
14.5,15.282678
4.1,19.509142
19.1,19.610104
19.1,19.30072
5.4,32.50426
12.6,21.595413
30.1,15.749788
12.7,12.809013
31.1,23.439634
19.8,17.823471
36.5,23.388546
0.9,22.190044
13.8,21.66863
35.2,28.653557
6.4,19.199524
18.5,21.27764
23.6,25.820343
35.7,18.74796
36.1,28.755072
35.2,28.480722
26.9,20.170692
35.9,26.620543
14.8,20.016706
9.7,18.459852
12.2,20.132378
9.2,14.863218
15.3,16.57716
37.0,24.716532
4.1,14.139097
4.7,16.038168
19.1,15.310921
14.0,26.139843
8.9,14.351671
32.7,18.749279
11.1,15.558951
35.5,29.550621
32.2,14.330908
13.0,20.160034
16.1,23.0847
18.6,16.353209
25.2,19.614828
9.1,16.861702
5.5,16.402872
10.1,17.126583
20.1,12.979504
29.5,12.925193
21.6,16.498402
5.7,20.13768
18.9,16.649612
31.1,17.175955
19.4,18.144583
30.9,23.224583
19.5,18.413708
34.5,15.64053
19.0,18.143875
18.9,20.662336
0.9,9.842756
1.8,17.740906
12.1,19.378553
18.6,20.958998
24.9,19.636473
4.4,16.52815
4.8,17.319794
12.4,18.427013
5.1,19.224636
6.8,19.123571
4.6,17.375036
32.9,24.384933
31.6,18.92229
18.2,15.189927
4.1,17.912445
22.5,13.777548
25.4,24.146793
10.1,16.296446
32.2,20.550604
6.1,19.912283
14.7,20.31532
31.1,24.174383
27.6,18.205675
13.2,26.920792
1.6,18.740843
23.7,21.749971
3.5,17.234373
13.9,16.794481
0.8,17.727213
3.7,22.065462
10.2,14.03634
12.2,12.937913
28.8,29.262936
11.4,18.858208
27.2,20.399267
17.5,14.618128
5.0,14.2845125
3.4,23.435091
12.4,19.879135
32.9,11.040273
9.6,20.554066
8.7,12.543895
15.2,18.41234
16.0,18.225172
2.5,17.119022
11.9,18.146194
12.2,20.304617
2.9,18.856714
4.3,16.069557
8.7,15.440734
7.2,18.782436
24.4,17.707802
5.7,9.422344
1.5,17.64784
27.6,14.07581
10.5,13.642731
12.9,21.030058
1.7,12.716305
7.9,20.40059
32.0,22.080658
16.3,20.901947
16.9,17.982782
6.3,20.683767
16.1,16.995567
19.3,13.454408
18.2,10.693429
14.8,10.999415
13.1,19.402819
12.3,15.116625
3.7,21.937645
12.2,17.36779
7.2,12.853218
21.8,20.610067
18.8,15.689833
24.1,19.20909
20.7,14.8790865
3.2,13.86337
11.5,18.750498
3.3,11.814329
10.3,21.545254
3.8,9.285088
14.3,18.620779
21.8,14.9856415
1.8,18.748945
23.8,12.169707
23.7,19.968098
23.7,20.162176
19.1,17.029737
26.9,16.123789
10.5,13.567182
23.2,15.303701
26.7,18.978674
30.1,24.113123
10.0,19.35861
28.7,22.827545
10.1,18.391598
21.6,16.258749
16.5,23.6327
4.4,13.709075
25.2,22.399849
25.2,27.322826
19.1,20.407894
13.8,17.596182
12.0,18.39521
16.4,12.931423
30.1,19.223455
3.9,13.90366
8.3,15.776242
21.2,19.350645
5.0,17.870241
14.9,14.269999
30.0,17.84727
20.1,16.69022
17.2,19.34118
8.0,15.587283
22.1,21.895342
25.8,16.347748
19.2,11.595138
27.2,19.074001
15.4,20.397316
18.9,11.734144
4.8,19.743732
29.7,20.127752
27.8,16.564747
8.9,16.185043
2.8,15.966128
25.1,18.648382
15.9,17.696655
12.4,12.778223
19.1,15.486757
22.8,16.775774
15.3,15.936535
22.8,16.576227
2.3,16.51907
21.2,18.365433
16.1,9.64607
26.3,18.969873
16.1,12.781622
21.8,14.31208
23.9,22.133673
15.6,15.664877
25.2,22.271366
11.3,16.80485
2.9,22.385313
18.2,11.804997
10.5,9.395858
15.7,22.044407
3.8,18.440042
7.6,18.142668
20.6,15.928243
3.2,9.90942
26.9,21.504112
12.6,11.339813
12.0,11.499721
9.9,11.243115
1.9,17.458656
18.2,10.742119
19.1,10.89657
13.3,13.326369
3.7,16.888882
7.1,19.707672
15.0,18.129688
23.7,15.597846
20.1,15.43343
16.1,11.97567
8.7,8.612041
23.2,16.260454
16.3,10.815724
3.9,13.409299
3.0,9.240907
21.2,10.4608965
14.1,18.544828
5.3,17.259535
5.1,22.624645
19.5,15.928627
7.1,17.395205
20.0,15.393527
20.4,11.441839
21.9,14.591031
25.7,15.664573
9.6,11.40775
5.1,9.073323
8.2,11.995479
12.6,11.041635
20.5,20.328907
6.9,13.051986
4.1,17.312777
2.3,14.611428
15.6,17.952993
6.5,15.989665
17.3,11.453884
16.4,14.591533
14.5,13.895615
22.8,16.096077
10.3,16.957937
9.9,15.867138
6.0,10.360885
12.5,17.430449
4.0,12.63958
12.6,19.14013
20.7,17.35272
6.3,9.740525
8.0,12.313873
9.2,18.343847
10.6,13.158022
14.3,14.651265
17.6,15.766789
17.6,21.230375
11.5,11.2659
13.1,18.78955
10.1,13.855471
14.4,9.685473
22.1,14.257476
5.1,11.067874
6.5,12.774614
17.3,15.869327
4.7,16.784504
12.5,16.898697
12.9,14.850593
8.8,13.952073
10.5,16.12576
3.9,12.516825
10.8,15.023674
6.7,15.51072
3.9,12.707617
13.6,11.69263
19.1,12.934894
9.9,12.163689
14.3,13.878222
13.2,15.35493
6.4,13.978485
2.0,18.988049
18.2,20.95295
11.2,13.92216
21.4,12.521556
20.6,17.325426
9.6,20.064695
8.5,14.11175
8.1,14.250019
12.6,19.987192
6.9,8.918321
7.3,23.530539
20.9,13.80652
5.4,18.848387
21.0,16.846315
20.6,14.646056
3.0,16.611221
11.1,13.571342
17.5,15.690549
21.0,22.573996
5.1,14.938061
6.0,9.595821
4.0,8.913685
12.2,12.377026
10.2,15.976528
10.4,10.733585
1.2,9.465619
4.3,10.88708
3.0,7.848109
9.5,13.408424
18.9,19.705257
15.0,12.2944145
16.2,16.131489
2.0,16.091
20.1,16.03693
16.6,16.763678
10.1,14.108435
10.2,10.3727255
20.1,18.43003
14.7,8.725499
20.7,22.316748
16.1,16.159197
17.1,17.857534
15.7,11.036559
2.7,15.954237
16.2,15.641927
9.9,13.346506
8.7,15.442767
16.1,11.348762
14.2,13.119377
13.1,11.72392
14.9,23.467752
11.7,10.609207
5.5,7.7833543
15.0,17.206648
8.2,20.436487
3.2,9.643144
2.6,16.535328
10.1,17.812487
9.9,15.781746
16.8,17.639177
10.8,16.487215
6.1,16.90822
7.6,20.73414
17.1,14.669154
9.7,12.289207
15.8,16.391674
13.1,17.733753
11.5,13.730727
2.6,10.737756
8.2,10.084792
17.4,7.9484334
8.5,13.43172
8.1,11.480939
3.9,17.388334
9.5,13.669427
11.0,14.947451
7.1,15.012423
10.5,9.031248
10.5,9.445501
7.9,16.228754
6.9,14.834997
9.3,13.214181
13.2,10.113773
6.9,15.583114
3.7,18.240667
9.0,18.071638
5.5,14.853287
8.1,10.36764
12.0,15.238439
12.7,17.259756
11.5,14.596675
11.7,15.314514
12.6,11.245095
5.5,11.278451
3.5,13.038039
2.4,11.311835
7.1,8.734168
8.8,7.840704
11.8,18.376528
11.8,11.236131
12.6,12.543133
12.0,11.789321
8.7,10.699431
8.9,16.26988
1.1,10.309127
15.3,14.199394
11.1,15.594236
4.6,14.346261
7.3,13.769235
16.9,19.025017
5.4,16.689247
9.4,18.820349
9.3,13.656503
3.0,14.720865
12.0,13.615396
12.0,13.561396
13.5,10.88369
16.3,12.84555
6.4,13.828858
15.7,16.616863
4.4,5.889334
11.7,15.507852
11.5,12.481516
13.1,11.13761
2.7,5.993153
6.6,8.772264
3.0,10.12076
10.8,11.555652
5.1,16.134388
2.6,8.658912
12.5,13.246806
10.2,11.563996
11.0,12.872046
2.4,11.179458
10.9,17.735275
3.9,10.08103
5.1,11.117868
4.0,8.596549
1.9,19.412529
3.9,12.714753
1.5,15.65384
11.6,13.814544
9.9,13.196218
8.1,9.899204
5.0,11.374627
5.1,9.074007
3.0,17.07211
3.0,11.609301
3.0,10.998345
6.6,11.470511
3.4,12.310339
2.3,10.87298
2.4,9.790334
10.8,11.035276
5.0,17.214977
5.2,8.938132
7.2,12.458868
6.0,9.1516285
5.5,14.404671
11.1,18.20787
7.6,8.318727
4.3,9.3369055
8.5,9.674898
11.7,14.31856
10.8,13.93029
2.3,20.160843
7.2,7.8014317
10.2,11.140519
3.8,11.10888
6.9,10.566182
3.5,10.491961
8.7,11.566919
4.8,7.496337
10.4,13.225544
7.3,12.334348
9.3,9.715456
8.8,16.64735
2.6,14.269957
2.4,8.748168
9.4,9.622941
7.3,8.100844
2.3,12.3172655
4.1,18.447262
7.7,10.056362
7.3,7.958432
8.8,14.81601
6.0,10.66433
6.2,6.936983
8.7,9.895665
9.2,13.884034
4.0,9.272102
7.6,14.691607
5.1,13.96183
7.3,8.703021
6.0,8.11341
6.6,19.303364
7.1,12.451798
8.1,13.240056
3.1,11.649711
5.5,12.436856
2.7,9.231706
6.4,10.395329
3.9,15.730319
7.1,12.635009
7.1,19.184906
5.5,13.592889
3.5,15.117787
3.7,9.257876
3.6,10.015509
3.2,11.997424
5.8,8.773149
5.3,8.516978
2.1,23.968105
2.3,18.933697
5.1,8.634814
5.0,14.44434
4.4,14.989809
3.0,11.972362
3.9,13.904134
4.7,11.739243
3.5,9.60495
2.4,11.342214
2.4,12.055433
2.4,12.883384
3.9,12.719918
3.5,12.527192
3.0,7.7468777
2.4,10.76045
3.5,16.363222
3.0,14.100183
2.6,9.568409
10.7,27.583828
67.8,31.82795
52.1,32.85673
20.9,25.215458
76.2,31.81787
11.8,26.142467
28.7,37.6815
18.9,23.700796
49.7,24.087702
33.8,20.244852
10.4,16.455614
23.9,39.98592
3.3,17.204504
3.2,9.728661
43.3,21.580532
17.8,18.557005
3.2,12.010084
26.0,18.063768
28.3,17.04214
8.4,10.083729
9.3,13.348917
7.8,12.0026245
9.0,14.477488
7.8,14.835015
24.8,15.362151
8.5,13.926037
8.2,13.112801
6.1,13.615917
29.0,15.254293
7.4,16.749409
14.9,14.927698
8.4,12.23802
37.3,17.705841
8.4,11.959647
14.7,11.760489
14.7,13.6317835
18.9,12.688395
8.4,23.342196
8.9,16.365164
14.9,10.892745
8.4,13.995095
8.4,15.061816
8.4,13.217754
8.4,12.281178
8.4,23.342196
8.4,25.494629
8.4,25.494629
8.4,13.690841
8.3,14.407648
8.3,14.19535
14.7,11.616153
35.0,17.017525
7.0,14.450379
18.8,13.747887
7.5,11.849843
8.0,16.93621
5.1,9.275157
31.2,13.292776
6.4,15.449426
9.8,15.289126
12.2,16.215101
2.9,16.098072
3.9,15.312022
24.8,16.185822
17.6,13.195113
17.6,15.561989
1.8,15.833159
3.2,14.274612
28.0,14.597923
20.9,13.190387
3.2,11.143588
25.1,13.131663
9.6,14.199713
14.5,15.37845
24.1,18.013166
14.3,12.762146
23.8,18.721756
27.2,16.23626
24.4,15.928994
28.1,14.2792845
7.7,10.317959
10.4,13.9080925
9.8,15.1129265
19.1,15.420639
9.5,11.318608
9.7,13.315924
5.2,12.65252
19.0,16.330822
20.4,12.72417
27.2,16.667229
9.9,17.293941
25.1,18.09042
7.9,15.974396
21.0,16.53734
3.7,14.545367
18.6,15.18067
7.3,10.243587
24.8,14.396521
22.5,13.395875
3.5,11.29859
24.7,14.721344
22.3,14.692626
24.7,15.118192
7.8,16.389011
9.6,14.657707
23.0,13.715376
17.0,15.400836
24.6,17.253546
24.6,16.997288
20.6,20.18095
3.2,14.808384
15.6,14.56299
6.8,12.022252
19.8,30.46535
6.6,14.311263
14.7,14.353027
22.4,14.639186
5.6,12.648163
23.2,20.515974
8.8,14.846331
14.1,14.781876
11.8,13.433035
6.1,12.367025
22.9,16.628263
23.4,12.596311
2.9,23.557455
15.9,15.623265
5.6,8.528992
10.7,8.89417
21.1,16.279976
16.2,12.340962
22.0,21.011238
10.4,8.89417
31.7,16.343182
7.6,12.230152
42.6,19.978502
28.2,20.189186
15.6,19.092426
36.8,25.382235
27.1,18.482557
11.9,15.255744
41.5,14.127887
16.8,14.696239
33.0,21.090723
5.9,15.666717
15.4,13.230477
3.2,15.133072
12.2,15.990915
16.3,19.479515
8.9,16.630436
8.0,11.879151
3.4,15.665759
6.9,16.620321
7.6,8.451303
19.3,8.808043
9.4,15.225989
7.9,11.312974
18.2,16.653616
10.9,14.163177
9.9,17.650143
15.1,17.920628
29.4,18.782934
27.0,20.460943
9.1,14.600421
15.5,16.391693
24.4,18.938272
13.1,20.167154
30.2,22.383625
22.0,18.155731
30.4,17.525314
10.5,19.658417
26.1,20.893476
9.9,14.35335
17.7,18.6078
26.2,17.423576
14.9,17.538797
38.7,17.558817
25.7,15.783181
9.7,12.934491
0.0,16.42615
10.7,20.131012
26.9,19.886356
20.8,16.269308
42.1,20.326418
9.3,21.84039
21.1,18.897621
11.0,22.155855
10.4,10.72628
9.4,9.884508
9.8,16.168148
8.9,11.105256
11.2,15.025446
14.9,16.406816
23.5,26.665995
23.3,24.473633
9.0,18.94116
3.5,14.3156
6.2,14.3156
5.9,16.395014
11.0,11.546156
26.7,28.589016
20.3,15.455648
4.2,13.277913
13.7,20.384695
3.1,8.682606
7.7,14.826222
6.3,13.099244
6.0,8.9138975
8.9,12.40734
9.6,9.884508
9.5,11.017121
11.4,9.432934
5.6,10.51317
11.7,10.9483595
22.3,17.827242
19.3,19.84695
5.3,9.282554
29.8,19.462145
6.0,13.495419
17.2,10.626652
2.9,8.575346
4.2,13.048562
21.9,19.135708
18.7,16.794449
8.3,17.886501
27.5,15.283702
7.8,12.204984
9.7,8.698857
21.9,19.156298
2.3,8.682606
10.8,9.666918
5.6,9.884508
9.5,23.49279
36.3,20.608864
20.1,15.187633
6.0,8.545834
5.0,8.149934
21.9,21.816658
18.9,17.64278
7.7,15.209134
8.4,15.047752
10.5,15.995025
14.5,16.075556
3.0,11.716566
1.0,8.490973
11.8,13.831336
9.6,8.698857
23.1,19.095848
11.2,14.987141
8.7,19.555645
10.7,17.281843
23.1,18.883068
12.4,12.94795
9.1,19.73114
40.3,19.010973
5.6,12.22959
10.9,19.177855
10.8,18.392147
8.4,13.035354
9.9,15.179586
10.5,13.834558
6.2,18.741854
0.9,10.337934
3.1,8.416273
9.7,12.054257
37.0,18.064034
6.0,12.554269
3.1,8.343325
18.4,17.909834
15.1,13.266688
6.7,10.490422
6.3,16.177702
6.9,11.610846
31.0,24.454746
8.0,11.552983
5.7,11.173863
7.4,15.806757
7.9,14.8583555
8.5,15.526788
7.2,14.138798
1.4,12.233418
8.3,13.565736
19.9,14.895559
9.9,19.160477
28.2,18.580645
1.6,15.47748
8.9,17.19654
10.2,12.822514
26.4,23.790848
0.3,19.53246
6.4,13.759644
28.8,14.192986
3.4,13.831336
7.8,15.247699
7.4,15.966008
5.7,13.772695
11.1,8.583852
9.8,18.063004
10.6,16.255775
10.7,16.799892
18.0,16.28597
11.3,16.931276
35.4,19.689413
10.6,17.525314
4.3,15.666717
15.4,20.772686
6.6,23.577787
11.0,10.541404
29.7,20.873074
6.1,17.157118
20.4,19.227827
7.2,11.167895
9.8,16.91173
8.7,13.506822
50.1,25.601366
28.8,17.44008
9.7,14.197628
9.7,24.495087
28.9,19.614332
26.3,20.31655
7.7,10.601102
8.9,9.506138
18.0,15.232537
15.8,10.693522
49.6,19.967585
17.0,16.979597
16.0,14.482978
8.3,12.826907
2.5,16.408873
7.5,11.017408
11.4,17.551508
0.5,12.461046
5.9,13.502397
33.2,16.914715
4.0,8.231932
17.7,18.307533
19.8,19.796421
14.9,18.4421
8.6,15.163028
10.1,15.090327
10.1,15.370357
14.9,17.153944
1.5,10.874756
14.9,15.549719
13.6,14.727327
1.8,16.527412
3.0,12.487792
19.6,17.39567
12.3,9.956791
36.4,20.880632
9.1,18.946512
1.2,11.893295
6.6,23.407509
35.9,21.633608
9.4,15.910672
1.2,15.02602
9.5,8.2688875
3.5,11.285666
26.2,14.420471
8.6,11.498953
18.7,22.87447
7.2,9.589702
9.7,9.58396
20.1,18.876352
19.5,16.053833
3.2,13.607634
10.8,16.255775
4.6,8.785831
39.1,25.265179
20.8,19.23733
46.0,20.45904
8.6,14.411448
16.1,29.048132
10.1,11.427208
18.7,19.003574
12.3,14.521372
8.0,18.94416
17.6,17.001926
3.2,8.056227
5.7,11.199501
10.6,9.432934
27.5,15.617477
26.2,20.535795
29.6,19.9802
11.4,18.384708
6.1,18.442303
10.4,20.20005
6.0,18.04726
11.5,22.33737
12.7,15.179586
43.0,22.286428
29.7,17.66769
10.3,18.55762
10.0,21.057215
11.9,15.607805
24.8,21.102957
9.5,17.650143
10.4,13.08014
9.8,12.702027
10.3,12.825518
26.2,24.54394
7.9,13.914482
15.3,17.030506
6.4,18.614037
24.0,21.21649
4.2,15.820349
51.0,20.604378
5.1,14.924789
27.8,21.73646
41.2,29.044844
1.3,16.193903
26.2,14.557683
3.2,8.511778
10.8,19.592113
11.0,17.80349
23.6,14.885975
0.2,15.199893
12.4,9.506138
5.7,12.049407
23.1,19.102253
11.8,12.812547
11.3,10.256437
12.4,12.06253
5.6,12.334612
12.0,14.30948
8.5,21.377275
1.2,15.582336
12.2,17.223913
6.9,8.328336
23.0,17.181673
2.6,15.187633
13.5,30.452238
3.4,11.684493
18.5,15.741823
6.2,9.778778
3.4,8.575346
15.8,17.519878
30.4,19.702927
8.1,18.539541
6.9,11.812397
7.1,16.620321
6.1,12.033658
10.4,8.698857
6.8,13.483725
7.6,14.420069
11.4,8.89417
6.0,8.700781
31.4,21.79327
29.3,19.80393
16.0,18.004923
6.6,17.391817
10.3,14.208423
14.8,15.288372
7.7,14.518422
9.1,13.464783
15.1,13.046074
29.0,14.771751
47.5,35.56073
28.0,17.626816
8.1,23.458778
36.5,16.620321
6.6,15.666717
5.6,15.247127
7.7,16.05839
7.8,14.136787
11.4,14.00978
32.2,16.732092
20.2,16.447025
6.2,16.28198
5.8,14.129127
27.9,18.433773
4.7,15.255744
11.9,15.255744
10.1,16.827198
9.1,16.064613
15.0,16.745586
10.7,16.499128
0.7,20.752184
27.2,15.742434
5.8,15.393258
10.6,13.077012
26.2,21.304049
26.9,18.572525
8.0,17.962137
10.4,11.853995
37.8,22.579908
10.4,17.062243
10.3,12.046525
10.4,25.056175
5.6,8.490973
12.4,8.660839
7.6,11.496435
30.3,23.170448
9.6,9.666918
38.2,14.03772
8.9,14.561171
9.8,10.598556
1.0,11.647093
18.3,21.1828
27.0,19.742027
20.4,18.475409
7.7,15.030151
4.9,16.12679
8.9,16.826872
6.0,13.362622
19.2,20.567911
49.9,17.519878
28.5,25.091148
30.8,13.362622
7.3,17.729061
6.5,15.484102
16.6,14.855452
19.6,20.719538
4.2,20.521338
8.7,15.18905
26.7,19.171818
12.4,19.697147
11.2,14.932558
2.8,9.666918
13.8,19.160477
32.4,20.383625
37.8,25.907127
42.0,18.585077
19.8,17.57161
10.8,9.740122
10.2,18.301775
22.5,20.336483
30.0,21.692501
9.8,10.598556
10.3,18.819702
24.2,18.55762
7.8,14.1912985
25.5,21.075424
11.2,23.375597
8.6,22.556433
27.4,16.464724
26.4,16.012983
10.0,20.053997
11.3,9.432934
6.8,15.775397
19.6,23.317404
5.9,23.701843
12.6,16.651224
12.4,19.602045
9.7,19.929417
0.3,15.175039
1.6,15.84552
12.9,29.54888
14.9,16.81291
42.4,19.337736
23.8,19.321827
21.9,19.070826
12.4,16.272629
12.9,9.432934
8.7,16.422943
18.6,18.659563
12.1,9.956791
6.8,18.162312
4.7,13.233649
22.0,22.52088
21.6,22.569212
12.4,8.698857
10.8,12.319815
7.5,16.7293
8.3,14.357727
42.1,21.53304
8.2,12.481371
18.5,20.52882
8.0,23.582024
11.5,19.237226
1.9,12.885312
10.8,20.460943
8.8,15.253708
10.9,20.209103
4.5,8.3129425
16.0,14.965043
20.4,19.291397
7.2,10.602605
8.3,13.885983
10.3,13.016176
18.9,21.532574
37.0,17.506325
18.7,20.414751
8.9,8.657056
7.9,8.370156
27.1,15.082284
5.3,13.110093
17.0,12.842897
3.1,13.387755
15.9,17.486292
44.3,19.963783
15.0,11.901042
42.3,17.371744
65.1,23.79529
17.0,25.752155
24.0,18.223923
3.2,10.28053
28.1,19.26788
30.7,18.401768
31.0,20.436356
28.5,9.779073
27.5,18.79489
5.5,8.309269
7.8,13.729955
5.5,9.731488
3.2,8.544958
7.1,8.287393
7.4,19.349941
33.0,17.66225
12.0,14.456759
14.5,14.229186
2.6,11.942634
11.4,12.775899
6.9,9.901914
21.6,16.354082
6.2,9.778778
16.7,13.882268
10.4,16.19896
12.4,10.181568
16.4,25.288183
23.1,24.498377
28.2,14.163243
9.7,14.721426
8.5,21.367868
42.1,23.326996
12.0,14.174416
5.7,16.124329
5.5,9.901914
7.7,8.464206
4.6,8.78691
7.1,8.682606
11.4,9.740122
7.2,8.665146
27.2,18.139711
3.0,16.938248
25.5,20.073887
8.6,11.113426
18.6,25.278522
7.7,13.955881
34.4,17.19111
19.8,18.605536
14.6,18.605536
21.6,19.667316
16.2,16.887817
15.7,21.09123
14.0,13.724831
43.9,29.492449
7.8,19.202803
33.3,15.642528
25.3,17.417362
18.9,16.53733
15.6,19.89042
33.1,18.524134
14.9,15.398359
18.9,17.34221
18.1,17.54951
16.7,17.015205
33.9,18.572445
31.7,27.544098
26.0,20.46269
23.7,20.09238
14.7,17.20597
17.2,19.166487
14.5,13.390049
16.8,18.766697
14.4,18.370913
23.3,19.763496
31.0,18.823313
15.3,18.729471
30.1,18.59041
30.1,18.642447
14.3,18.250126
24.9,18.05932
14.7,18.528297
31.6,18.1986
18.0,26.550415
15.6,19.1237
62.8,34.360943
23.2,17.301464
26.0,22.285536
18.1,17.988039
1.6,16.929508
30.1,21.954485
15.6,18.31464
2.3,18.680937
25.7,18.871267
42.8,30.327501
32.1,16.586002
16.7,13.491655
16.7,12.660457
16.7,13.406399
5.1,13.081032
8.3,20.65917
16.7,18.535847
16.0,11.46592
12.9,15.226462
16.0,13.25601
6.8,14.056604
14.7,13.236955
16.0,13.446147
3.7,13.618049
16.0,14.612159
16.0,12.655103
33.7,13.609545
15.6,14.904126
14.5,19.343204
14.8,14.134802
16.6,13.34871
16.6,14.165878
8.2,16.504375
16.0,14.39753
15.8,17.312267
16.2,17.339548
24.4,17.86023
16.3,17.388937
7.4,17.672083
16.3,18.19245
16.2,20.099152
22.0,20.720856
14.7,20.643547
62.8,23.778696
62.8,26.877708
33.6,22.97743
61.4,17.541437
3.1,13.330789
7.6,14.540607
15.7,13.477798
30.4,19.714575
22.6,25.719515
15.7,17.34109
15.6,18.786531
15.6,19.726496
18.6,18.05932
30.5,17.421015
11.9,19.23812
18.6,21.267164
21.9,27.467302
18.6,21.646498
11.9,19.354307
25.7,19.928722
26.1,17.746273
13.4,16.813744
10.9,21.947884
8.1,18.7923
8.1,14.836167
17.2,19.279375
15.1,21.94519
16.3,17.374002
18.6,19.30576
25.5,26.378
58.6,10.851628
15.5,17.131872
14.5,19.606207
16.9,16.265009
16.9,16.888468
14.5,14.7007
21.2,17.193233
7.6,16.012514
16.9,17.379908
13.4,13.886
25.7,20.694195
13.4,16.379078
11.0,15.777423
5.9,12.569822
29.9,16.586573
14.9,18.201696
14.9,18.4634
14.9,18.11533
14.9,17.131113
14.2,15.969383
16.1,16.633005
6.0,13.813331
32.3,16.37341
12.3,17.050802
11.6,16.4755
29.0,15.628973
11.3,13.366299
40.8,23.37949
28.5,18.16489
23.2,14.8666115
16.7,18.961445
28.5,12.034607
21.6,19.4941
5.6,13.008373
18.0,17.36377
13.1,17.75402
10.8,16.36562
8.3,15.470156
11.5,16.072063
27.4,14.825736
4.6,13.602395
12.6,14.997229
13.1,18.601873
12.9,14.196066
4.9,15.5622425
18.9,23.191046
6.6,12.059023
8.1,11.3238125
19.1,16.420288
19.1,14.645835
10.2,13.795237
6.2,9.926303
16.6,18.200186
16.1,14.401237
13.0,12.15884
7.3,13.022623
16.6,17.227121
16.1,15.429443
11.4,12.434861
16.1,18.220606
8.6,14.788139
16.0,16.647532
8.6,14.927803
13.6,16.6698
3.9,12.66655
8.3,15.385854
8.4,12.337048
15.8,12.911818
16.1,12.184497
16.5,15.090642
16.4,15.423419
11.8,16.503714
14.9,16.786337
15.0,13.157102
7.6,14.012669
6.6,13.367355
15.4,16.584925
10.7,15.319381
4.4,14.844291
14.8,14.510511
12.9,17.238947
10.1,14.199144
7.5,13.285204
5.0,11.883595
12.2,14.511623
11.0,13.541305
5.5,13.2713585
3.3,10.43168
12.2,11.125748
12.7,14.463238
8.7,14.609021
12.7,12.807629
13.2,14.08667
12.4,12.938856
11.3,13.114916
9.9,12.937039
11.0,12.790881
1.2,11.577134
12.4,13.869412
5.6,12.418049
10.1,15.048238
10.3,12.841478
9.9,9.685564
10.5,13.046375
5.3,14.345361
9.5,12.6449175
4.4,16.112679
9.5,11.70202
4.4,18.29472
4.3,13.21373
3.9,11.54055
3.4,15.558505
3.9,14.4779415
2.3,14.612249
3.5,8.785616
2.4,12.119957
2.4,10.764352
3.2,12.630346
3.2,15.232144
